[{"id":"2","codice":"RM-021","codiceRichiesta":null,"localita":{"coordinate":{"latitudine":41.9161894,"longitudine":12.4554147},"indirizzo":"Viale Giuseppe Mazzini, 159","note":"nelle vicinanze di un ristorante"},"tipologia":[{"codice":"360","descrizione":"Messa in sicurezza impianti tecnologici di servizio (acqua, energia elettrica, gas)","icona":""}],"label":"Scintille da palo elettrico","priorita":1,"stato":0},{"id":"3","codice":"RM-020","codiceRichiesta":null,"localita":{"coordinate":{"latitudine":41.8654843,"longitudine":12.5805044},"indirizzo":"Viale dei Romanisti, 40","note":"vicino ai secchi dell'immondizia"},"tipologia":[{"codice":"2","descrizione":"Incendio ed esplosione","icona":"fa fa-fire"}],"label":"Incendio a bordo strada","priorita":1,"stato":0},{"id":"5","codice":"RM-018","codiceRichiesta":"RM-12841","localita":{"coordinate":{"latitudine":41.82699,"longitudine":12.4874854},"indirizzo":"Via Simone Martini, 125","note":"persone all'interno del garage"},"tipologia":[{"codice":"2","descrizione":"Danni d'acqua in genere","icona":"fa fa-tint"}],"label":"Allagamento garage con personale da soccorrere","priorita":3,"stato":3},{"id":"6","codice":"RM-017","codiceRichiesta":"RM-12840","localita":{"coordinate":{"latitudine":41.8549993,"longitudine":12.5688578},"indirizzo":"Via Tuscolana, 1500","note":"automobile ribaltata, persona anziana"},"tipologia":[{"codice":"2","descrizione":"Incidente stradale generico","icona":"fa fa-car"}],"label":"Incidente d'auto persona anziana","priorita":3,"stato":3},{"id":"7","codice":"RM-016","codiceRichiesta":"RM-12839","localita":{"coordinate":{"latitudine":41.8932662,"longitudine":12.5417044},"indirizzo":"Via di Portonaccio","note":"incrocio con Via Prenestina"},"tipologia":[{"codice":"360","descrizione":"Cedimento sede stradale","icona":""}],"label":"Cedimento sede stradale con rimozione veicolo","priorita":2,"stato":2},{"id":"8","codice":"RM-015","codiceRichiesta":"RM-12838","localita":{"coordinate":{"latitudine":41.9125723,"longitudine":12.4952921},"indirizzo":"Via Isonzo, 21","note":"beni alimentari di vario tipo"},"tipologia":[{"codice":"360","descrizione":"Recupero merci e beni","icona":""}],"label":"Recupero merci e beni da camion ribaltato","priorita":2,"stato":1},{"id":"9","codice":"RM-014","codiceRichiesta":"RM-12837","localita":{"coordinate":{"latitudine":41.856683,"longitudine":12.471484},"indirizzo":"Viale Guglielmo Marconi, 21","note":"Presidio e aiuto alla popolazione"},"tipologia":[{"codice":"360","descrizione":"Terremoto","icona":""}],"label":"Scossa di terremoto a Roma","priorita":3,"stato":1},{"id":"10","codice":"RM-012","codiceRichiesta":"RM-12836","localita":{"coordinate":{"latitudine":41.9113629,"longitudine":12.4652858},"indirizzo":"Viale Giulio Cesare, 21","note":"Intervento per spegnimento incendio e salvataggio inquilini"},"tipologia":[{"codice":"360","descrizione":"Incendio","icona":"fa fa-fire"}],"label":"Incendio in appartamento","priorita":3,"stato":4},{"id":"11","codice":"RM-010","codiceRichiesta":"RM-12835","localita":{"coordinate":{"latitudine":41.870025,"longitudine":12.4647536},"indirizzo":"Piazzale della radio, 21","note":"Intervento per estrarre persone dalle lamiere di una automobile"},"tipologia":[{"codice":"360","descrizione":"Incidente","icona":"fa fa-car"}],"label":"Incidente stradale","priorita":3,"stato":4},{"id":"1","codice":"RM-022","codiceRichiesta":null,"localita":{"coordinate":{"latitudine":41.8624992,"longitudine":12.5532867},"indirizzo":"Via Scribonio Curione, 22","note":"nei pressi dell'uscita della metro"},"tipologia":[{"codice":"2","descrizione":"Incendio ed esplosione","icona":"fa fa-fire"}],"label":"Esplosione nei pressi di un centro abitato","priorita":5,"stato":0,"rilevanza":"2019-03-27T11:29:16.522Z"},{"id":"4","codice":"RM-019","codiceRichiesta":"RM-12842","localita":{"coordinate":{"latitudine":41.8311007,"longitudine":12.4683518},"indirizzo":"Viale Europa, 184","note":"dal palazzo delle Poste Italiane"},"tipologia":[{"codice":"360","descrizione":"Salvataggio persone","icona":""}],"label":"Persona che minaccia di buttarsi da un tetto","priorita":4,"stato":3,"rilevanza":"2019-03-27T10:54:16.524Z"}]