{"personaleTotale":374,"funzionari":[{"codiceFiscale":"RSSMRA80A01C707K","qualifica":"CRE","descrizione":"Mario Rossi","funzGuardia":true,"tecnicoGuardia1":false,"tecnicoGuardia2":false,"capoTurno":false},{"codiceFiscale":"BNCMRC80A01H501C","qualifica":"VCSC","descrizione":"Francesco Bianchi","funzGuardia":false,"tecnicoGuardia1":false,"tecnicoGuardia2":false,"capoTurno":true},{"codiceFiscale":"VRDGPP80A01H501U","qualifica":"CRESC","descrizione":"Giuseppe Verdi","funzGuardia":false,"tecnicoGuardia1":true,"tecnicoGuardia2":false,"capoTurno":false},{"codiceFiscale":"GLLNTN80A01H501U","qualifica":"VE AIB","descrizione":"Antonio Gialli","funzGuardia":false,"tecnicoGuardia1":false,"tecnicoGuardia2":true,"capoTurno":false}],"squadreServizio":59,"squadreAssegnate":8}